"filename","x","y","width","height"
"10514",0,0,100,100
"10515",102,0,100,100
"10516",0,102,100,100
"10517",102,102,100,100
"10518",204,0,100,100
"10519",204,102,100,100
"10520",0,204,100,100
"10521",102,204,100,100
"10522",204,204,100,100
"10523",306,0,100,100
"10524",306,102,100,100
"10525",306,204,100,100
"10526",0,306,100,100
"10527",102,306,100,100
"10528",204,306,100,100
"10529",306,306,100,100
"10530",408,0,100,100
"10531",408,102,100,100
"10532",408,204,100,100
"10533",408,306,100,100
"10534",0,408,100,100
"10535",102,408,100,100
"105701",204,408,100,100
"106246",306,408,100,100
"107121",408,408,100,100
"107126",510,0,100,100
"111268",510,102,100,100
"11487",510,204,100,100
"118357",510,306,100,100
"12024",510,408,100,100
"139888",0,510,100,100
"139889",102,510,100,100
"139890",204,510,100,100
"139891",306,510,100,100
"139892",408,510,100,100
"139893",510,510,100,100
"139894",612,0,100,100
"139895",612,102,100,100
"139896",612,204,100,100
"139897",612,306,100,100
"139898",612,408,100,100
"139899",612,510,100,100
"139900",0,612,100,100
"139901",102,612,100,100
"139902",204,612,100,100
"139903",306,612,100,100
"139904",408,612,100,100
"139905",510,612,100,100
"154074",612,612,100,100
"167901",714,0,100,100
"167903",714,102,100,100
"171009",714,204,100,100
"172005",714,306,100,100
"172948",714,408,100,100
"174841",714,510,100,100
"179284",714,612,100,100
"2027",0,714,100,100
"21955",102,714,100,100
"232130",204,714,100,100
"232157",306,714,100,100
"232162",408,714,100,100
"232211",510,714,100,100
"232233",612,714,100,100
"232266",714,714,100,100
"232279",816,0,100,100
"232301",816,102,100,100
"232315",816,204,100,100
"232326",816,306,100,100
"232350",816,408,100,100
"232360",816,510,100,100
"232393",816,612,100,100
"232408",816,714,100,100
"232433",0,816,100,100
"232485",102,816,100,100
"232544",204,816,100,100
"232553",306,816,100,100
"232582",408,816,100,100
"232600",510,816,100,100
"232615",612,816,100,100
"232622",714,816,100,100
"232629",816,816,100,100
"232630",918,0,100,100
"232644",918,102,100,100
"232656",918,204,100,100
"232687",918,306,100,100
"232708",918,408,100,100
"232804",918,510,100,100
"232807",918,612,100,100
"232822",918,714,100,100
"232828",918,816,100,100
"232830",0,918,100,100
"232858",102,918,100,100
"232868",204,918,100,100
"232874",306,918,100,100
"232920",408,918,100,100
"233034",510,918,100,100
"233037",612,918,100,100
"233050",714,918,100,100
"233052",816,918,100,100
"233122",918,918,100,100
"233164",1020,0,100,100
"233178",1020,102,100,100
"233185",1020,204,100,100
"233218",1020,306,100,100
"233228",1020,408,100,100
"233253",1020,510,100,100
"233256",1020,612,100,100
"233257",1020,714,100,100
"233258",1020,816,100,100
"233259",1020,918,100,100
"233260",0,1020,100,100
"233261",102,1020,100,100
"233262",204,1020,100,100
"233263",306,1020,100,100
"233264",408,1020,100,100
"233265",510,1020,100,100
"233266",612,1020,100,100
"233267",714,1020,100,100
"233268",816,1020,100,100
"233269",918,1020,100,100
"233270",1020,1020,100,100
"233271",1122,0,100,100
"233272",1122,102,100,100
"233273",1122,204,100,100
"233274",1122,306,100,100
"233275",1122,408,100,100
"233276",1122,510,100,100
"233277",1122,612,100,100
"233278",1122,714,100,100
"233279",1122,816,100,100
"233280",1122,918,100,100
"233281",1122,1020,100,100
"233282",0,1122,100,100
"233283",102,1122,100,100
"233284",204,1122,100,100
"233285",306,1122,100,100
"233286",408,1122,100,100
"233287",510,1122,100,100
"233288",612,1122,100,100
"233289",714,1122,100,100
"233290",816,1122,100,100
"233291",918,1122,100,100
"233292",1020,1122,100,100
"233293",1122,1122,100,100
"233294",1224,0,100,100
"233295",1224,102,100,100
"233296",1224,204,100,100
"233297",1224,306,100,100
"233298",1224,408,100,100
"233299",1224,510,100,100
"233300",1224,612,100,100
"233301",1224,714,100,100
"233302",1224,816,100,100
"233303",1224,918,100,100
"233304",1224,1020,100,100
"233305",1224,1122,100,100
"233306",0,1224,100,100
"233307",102,1224,100,100
"233308",204,1224,100,100
"233309",306,1224,100,100
"233310",408,1224,100,100
"233311",510,1224,100,100
"233312",612,1224,100,100
"233313",714,1224,100,100
"233314",816,1224,100,100
"233315",918,1224,100,100
"233316",1020,1224,100,100
"233317",1122,1224,100,100
"233318",1224,1224,100,100
"233319",1326,0,100,100
"233320",1326,102,100,100
"233321",1326,204,100,100
"233322",1326,306,100,100
"233323",1326,408,100,100
"233325",1326,510,100,100
"233326",1326,612,100,100
"233327",1326,714,100,100
"233328",1326,816,100,100
"233329",1326,918,100,100
"233330",1326,1020,100,100
"233331",1326,1122,100,100
"233332",1326,1224,100,100
"233333",0,1326,100,100
"233334",102,1326,100,100
"233335",204,1326,100,100
"233336",306,1326,100,100
"233337",408,1326,100,100
"233338",510,1326,100,100
"233402",612,1326,100,100
"233512",714,1326,100,100
"233528",816,1326,100,100
"233561",918,1326,100,100
"233571",1020,1326,100,100
"233575",1122,1326,100,100
"233576",1224,1326,100,100
"233585",1326,1326,100,100
"233603",1428,0,100,100
"233659",1428,102,100,100
"233663",1428,204,100,100
"233667",1428,306,100,100
"233765",1428,408,100,100
"233789",1428,510,100,100
"233851",1428,612,100,100
"233860",1428,714,100,100
"233902",1428,816,100,100
"234014",1428,918,100,100
"234047",1428,1020,100,100
"234081",1428,1122,100,100
"234099",1428,1224,100,100
"234129",1428,1326,100,100
"234148",0,1428,100,100
"234154",102,1428,100,100
"234176",204,1428,100,100
"234292",306,1428,100,100
"234371",408,1428,100,100
"234395",510,1428,100,100
"234397",612,1428,100,100
"234398",714,1428,100,100
"234399",816,1428,100,100
"234400",918,1428,100,100
"234401",1020,1428,100,100
"234402",1122,1428,100,100
"234403",1224,1428,100,100
"234404",1326,1428,100,100
"234405",1428,1428,100,100
"234409",1530,0,100,100
"234412",1530,102,100,100
"234413",1530,204,100,100
"234414",1530,306,100,100
"234415",1530,408,100,100
"234416",1530,510,100,100
"234417",1530,612,100,100
"234418",1530,714,100,100
"234419",1530,816,100,100
"234420",1530,918,100,100
"234421",1530,1020,100,100
"234422",1530,1122,100,100
"234423",1530,1224,100,100
"234424",1530,1326,100,100
"234425",1530,1428,100,100
"234426",0,1530,100,100
"234432",102,1530,100,100
"234438",204,1530,100,100
"234472",306,1530,100,100
"234473",408,1530,100,100
"234503",510,1530,100,100
"234519",612,1530,100,100
"234520",714,1530,100,100
"234639",816,1530,100,100
"234701",918,1530,100,100
"234702",1020,1530,100,100
"234709",1122,1530,100,100
"234780",1224,1530,100,100
"234781",1326,1530,100,100
"234782",1428,1530,100,100
"234783",1530,1530,100,100
"234784",1632,0,100,100
"234785",1632,102,100,100
"234786",1632,204,100,100
"234787",1632,306,100,100
"234788",1632,408,100,100
"234789",1632,510,100,100
"234790",1632,612,100,100
"234791",1632,714,100,100
"234792",1632,816,100,100
"234793",1632,918,100,100
"234796",1632,1020,100,100
"234818",1632,1122,100,100
"234827",1632,1224,100,100
"234896",1632,1326,100,100
"234897",1632,1428,100,100
"234898",1632,1530,100,100
"234899",0,1632,100,100
"234900",102,1632,100,100
"234901",204,1632,100,100
"234902",306,1632,100,100
"234903",408,1632,100,100
"234904",510,1632,100,100
"234905",612,1632,100,100
"234906",714,1632,100,100
"234907",816,1632,100,100
"234908",918,1632,100,100
"234909",1020,1632,100,100
"234910",1122,1632,100,100
"234911",1224,1632,100,100
"234912",1326,1632,100,100
"234913",1428,1632,100,100
"234914",1530,1632,100,100
"234915",1632,1632,100,100
"234916",1734,0,100,100
"234917",1734,102,100,100
"234918",1734,204,100,100
"234919",1734,306,100,100
"234920",1734,408,100,100
"234921",1734,510,100,100
"234922",1734,612,100,100
"234923",1734,714,100,100
"234924",1734,816,100,100
"234925",1734,918,100,100
"234926",1734,1020,100,100
"234927",1734,1122,100,100
"234928",1734,1224,100,100
"234929",1734,1326,100,100
"234930",1734,1428,100,100
"234931",1734,1530,100,100
"234932",1734,1632,100,100
"234933",0,1734,100,100
"234934",102,1734,100,100
"234935",204,1734,100,100
"234936",306,1734,100,100
"234937",408,1734,100,100
"234938",510,1734,100,100
"234939",612,1734,100,100
"234940",714,1734,100,100
"234941",816,1734,100,100
"234942",918,1734,100,100
"234943",1020,1734,100,100
"234944",1122,1734,100,100
"234945",1224,1734,100,100
"234946",1326,1734,100,100
"234947",1428,1734,100,100
"234948",1530,1734,100,100
"234949",1632,1734,100,100
"234950",1734,1734,100,100
"234951",1836,0,100,100
"234952",1836,102,100,100
"234953",1836,204,100,100
"234954",1836,306,100,100
"234955",1836,408,100,100
"234956",1836,510,100,100
"234957",1836,612,100,100
"234958",1836,714,100,100
"234959",1836,816,100,100
"234960",1836,918,100,100
"234961",1836,1020,100,100
"234962",1836,1122,100,100
"234963",1836,1224,100,100
"234964",1836,1326,100,100
"234965",1836,1428,100,100
"234966",1836,1530,100,100
"234967",1836,1632,100,100
"234968",1836,1734,100,100
"234969",0,1836,100,100
"234970",102,1836,100,100
"234971",204,1836,100,100
"234972",306,1836,100,100
"234973",408,1836,100,100
"234974",510,1836,100,100
"234975",612,1836,100,100
"234976",714,1836,100,100
"234977",816,1836,100,100
"234978",918,1836,100,100
"234979",1020,1836,100,100
"234980",1122,1836,100,100
"234981",1224,1836,100,100
"234982",1326,1836,100,100
"234983",1428,1836,100,100
"234984",1530,1836,100,100
"234985",1632,1836,100,100
"234986",1734,1836,100,100
"234987",1836,1836,100,100
"234988",1938,0,100,100
"234989",1938,102,100,100
"235060",1938,204,100,100
"235078",1938,306,100,100
"235080",1938,408,100,100
"235139",1938,510,100,100
"235146",1938,612,100,100
"235183",1938,714,100,100
"235186",1938,816,100,100
"235222",1938,918,100,100
"235225",1938,1020,100,100
"235270",1938,1122,100,100
"235304",1938,1224,100,100
"235321",1938,1326,100,100
"235323",1938,1428,100,100
"235324",1938,1530,100,100
"235325",1938,1632,100,100
"235327",1938,1734,100,100
"235328",1938,1836,100,100
"235329",0,1938,100,100
"235330",102,1938,100,100
"235331",204,1938,100,100
"235332",306,1938,100,100
"235333",408,1938,100,100
"235334",510,1938,100,100
"235335",612,1938,100,100
"235336",714,1938,100,100
"235337",816,1938,100,100
"235338",918,1938,100,100
"235339",1020,1938,100,100
"235340",1122,1938,100,100
"235341",1224,1938,100,100
"235342",1326,1938,100,100
"235343",1428,1938,100,100
"235344",1530,1938,100,100
"235345",1632,1938,100,100
"235346",1734,1938,100,100
"235347",1836,1938,100,100
"235348",1938,1938,100,100
"235349",2040,0,100,100
"235350",2040,102,100,100
"235351",2040,204,100,100
"235352",2040,306,100,100
"235353",2040,408,100,100
"235354",2040,510,100,100
"235355",2040,612,100,100
"235356",2040,714,100,100
"235357",2040,816,100,100
"235358",2040,918,100,100
"235359",2040,1020,100,100
"235360",2040,1122,100,100
"235361",2040,1224,100,100
"235362",2040,1326,100,100
"235363",2040,1428,100,100
"235364",2040,1530,100,100
"235365",2040,1632,100,100
"235367",2040,1734,100,100
"235469",2040,1836,100,100
"235529",2040,1938,100,100
"235530",0,2040,100,100
"235531",102,2040,100,100
"235532",204,2040,100,100
"235533",306,2040,100,100
"235534",408,2040,100,100
"235535",510,2040,100,100
"235536",612,2040,100,100
"235537",714,2040,100,100
"235538",816,2040,100,100
"235539",918,2040,100,100
"235543",1020,2040,100,100
"235557",1122,2040,100,100
"235719",1224,2040,100,100
"235760",1326,2040,100,100
"235761",1428,2040,100,100
"235769",1530,2040,100,100
"235829",1632,2040,100,100
"235831",1734,2040,100,100
"235853",1836,2040,100,100
"235859",1938,2040,100,100
"235863",2040,2040,100,100
"235864",2142,0,100,100
"235865",2142,102,100,100
"235866",2142,204,100,100
"235867",2142,306,100,100
"235868",2142,408,100,100
"235869",2142,510,100,100
"235870",2142,612,100,100
"235871",2142,714,100,100
"235872",2142,816,100,100
"235873",2142,918,100,100
"235874",2142,1020,100,100
"235875",2142,1122,100,100
"235876",2142,1224,100,100
"235877",2142,1326,100,100
"235878",2142,1428,100,100
"235879",2142,1530,100,100
"235880",2142,1632,100,100
"235881",2142,1734,100,100
"235882",2142,1836,100,100
"235883",2142,1938,100,100
"235884",2142,2040,100,100
"235885",0,2142,100,100
"235886",102,2142,100,100
"235887",204,2142,100,100
"235888",306,2142,100,100
"235889",408,2142,100,100
"235890",510,2142,100,100
"235891",612,2142,100,100
"235892",714,2142,100,100
"235893",816,2142,100,100
"235894",918,2142,100,100
"235895",1020,2142,100,100
"235896",1122,2142,100,100
"235897",1224,2142,100,100
"235898",1326,2142,100,100
"235899",1428,2142,100,100
"235900",1530,2142,100,100
"235901",1632,2142,100,100
"235902",1734,2142,100,100
"235903",1836,2142,100,100
"235904",1938,2142,100,100
"235905",2040,2142,100,100
"235906",2142,2142,100,100
"235907",2244,0,100,100
"235908",2244,102,100,100
"235909",2244,204,100,100
"235910",2244,306,100,100
"235911",2244,408,100,100
"235912",2244,510,100,100
"235913",2244,612,100,100
"235964",2244,714,100,100
"235984",2244,816,100,100
"236008",2244,918,100,100
"236077",2244,1020,100,100
"236091",2244,1122,100,100
"236096",2244,1224,100,100
"236128",2244,1326,100,100
"236140",2244,1428,100,100
"236148",2244,1530,100,100
"236163",2244,1632,100,100
"236269",2244,1734,100,100
"236302",2244,1836,100,100
"236303",2244,1938,100,100
"236327",2244,2040,100,100
"236328",2244,2142,100,100
"236329",0,2244,100,100
"236330",102,2244,100,100
"236331",204,2244,100,100
"236361",306,2244,100,100
"236382",408,2244,100,100
"236383",510,2244,100,100
"236385",612,2244,100,100
"236395",714,2244,100,100
"236399",816,2244,100,100
"236400",918,2244,100,100
"236408",1020,2244,100,100
"236410",1122,2244,100,100
"236413",1224,2244,100,100
"236469",1326,2244,100,100
"236470",1428,2244,100,100
"236471",1530,2244,100,100
"236517",1632,2244,100,100
"236540",1734,2244,100,100
"236645",1836,2244,100,100
"236647",1938,2244,100,100
"236659",2040,2244,100,100
"236794",2142,2244,100,100
"236930",2244,2244,100,100
"236945",2346,0,100,100
"236959",2346,102,100,100
"237135",2346,204,100,100
"237136",2346,306,100,100
"237137",2346,408,100,100
"237138",2346,510,100,100
"237139",2346,612,100,100
"237140",2346,714,100,100
"237141",2346,816,100,100
"237142",2346,918,100,100
"237143",2346,1020,100,100
"237144",2346,1122,100,100
"237145",2346,1224,100,100
"237146",2346,1326,100,100
"237147",2346,1428,100,100
"237148",2346,1530,100,100
"237149",2346,1632,100,100
"237150",2346,1734,100,100
"237151",2346,1836,100,100
"237152",2346,1938,100,100
"237153",2346,2040,100,100
"237154",2346,2142,100,100
"237155",2346,2244,100,100
"237156",0,2346,100,100
"237157",102,2346,100,100
"237158",204,2346,100,100
"237159",306,2346,100,100
"237160",408,2346,100,100
"237161",510,2346,100,100
"237162",612,2346,100,100
"237163",714,2346,100,100
"237164",816,2346,100,100
"237165",918,2346,100,100
"237166",1020,2346,100,100
"237167",1122,2346,100,100
"237168",1224,2346,100,100
"237169",1326,2346,100,100
"237170",1428,2346,100,100
"237171",1530,2346,100,100
"237172",1632,2346,100,100
"237173",1734,2346,100,100
"237174",1836,2346,100,100
"237175",1938,2346,100,100
"237176",2040,2346,100,100
"237177",2142,2346,100,100
"237178",2244,2346,100,100
"237179",2346,2346,100,100
"237180",2448,0,100,100
"237181",2448,102,100,100
"237182",2448,204,100,100
"237183",2448,306,100,100
"237184",2448,408,100,100
"237185",2448,510,100,100
"237186",2448,612,100,100
"237187",2448,714,100,100
"237188",2448,816,100,100
"237189",2448,918,100,100
"237190",2448,1020,100,100
"237191",2448,1122,100,100
"237192",2448,1224,100,100
"237193",2448,1326,100,100
"237194",2448,1428,100,100
"237195",2448,1530,100,100
"237196",2448,1632,100,100
"237197",2448,1734,100,100
"237198",2448,1836,100,100
"237199",2448,1938,100,100
"237200",2448,2040,100,100
"237201",2448,2142,100,100
"237202",2448,2244,100,100
"237203",2448,2346,100,100
"237204",0,2448,100,100
"237205",102,2448,100,100
"237206",204,2448,100,100
"237207",306,2448,100,100
"237208",408,2448,100,100
"237209",510,2448,100,100
"237210",612,2448,100,100
"237211",714,2448,100,100
"237212",816,2448,100,100
"237213",918,2448,100,100
"237214",1020,2448,100,100
"237215",1122,2448,100,100
"237216",1224,2448,100,100
"237217",1326,2448,100,100
"237218",1428,2448,100,100
"237219",1530,2448,100,100
"237220",1632,2448,100,100
"237221",1734,2448,100,100
"237222",1836,2448,100,100
"237223",1938,2448,100,100
"237224",2040,2448,100,100
"237225",2142,2448,100,100
"237226",2244,2448,100,100
"237227",2346,2448,100,100
"237228",2448,2448,100,100
"237229",2550,0,100,100
"237230",2550,102,100,100
"237231",2550,204,100,100
"237232",2550,306,100,100
"237233",2550,408,100,100
"237234",2550,510,100,100
"237235",2550,612,100,100
"237236",2550,714,100,100
"237237",2550,816,100,100
"237238",2550,918,100,100
"237239",2550,1020,100,100
"237240",2550,1122,100,100
"237320",2550,1224,100,100
"237321",2550,1326,100,100
"237322",2550,1428,100,100
"237351",2550,1530,100,100
"237383",2550,1632,100,100
"237448",2550,1734,100,100
"237460",2550,1836,100,100
"237662",2550,1938,100,100
"237695",2550,2040,100,100
"237786",2550,2142,100,100
"237788",2550,2244,100,100
"237827",2550,2346,100,100
"237849",2550,2448,100,100
"237859",0,2550,100,100
"237860",102,2550,100,100
"237861",204,2550,100,100
"237862",306,2550,100,100
"237863",408,2550,100,100
"237864",510,2550,100,100
"237865",612,2550,100,100
"237866",714,2550,100,100
"237867",816,2550,100,100
"237868",918,2550,100,100
"237945",1020,2550,100,100
"237951",1122,2550,100,100
"238056",1224,2550,100,100
"238114",1326,2550,100,100
"238127",1428,2550,100,100
"238256",1530,2550,100,100
"238273",1632,2550,100,100
"238275",1734,2550,100,100
"238278",1836,2550,100,100
"238295",1938,2550,100,100
"238315",2040,2550,100,100
"238368",2142,2550,100,100
"238369",2244,2550,100,100
"238398",2346,2550,100,100
"238423",2448,2550,100,100
"238489",2550,2550,100,100
"238537",2652,0,100,100
"238702",2652,102,100,100
"238799",2652,204,100,100
"238808",2652,306,100,100
"238887",2652,408,100,100
"238911",2652,510,100,100
"238933",2652,612,100,100
"239011",2652,714,100,100
"239046",2652,816,100,100
"239081",2652,918,100,100
"239082",2652,1020,100,100
"239084",2652,1122,100,100
"239085",2652,1224,100,100
"239315",2652,1326,100,100
"239387",2652,1428,100,100
"239389",2652,1530,100,100
"239401",2652,1632,100,100
"239441",2652,1734,100,100
"239571",2652,1836,100,100
"239594",2652,1938,100,100
"239617",2652,2040,100,100
"239692",2652,2142,100,100
"239695",2652,2244,100,100
"239696",2652,2346,100,100
"239697",2652,2448,100,100
"239698",2652,2550,100,100
"239699",0,2652,100,100
"239700",102,2652,100,100
"239701",204,2652,100,100
"239702",306,2652,100,100
"239703",408,2652,100,100
"239704",510,2652,100,100
"239705",612,2652,100,100
"239706",714,2652,100,100
"239707",816,2652,100,100
"239708",918,2652,100,100
"239709",1020,2652,100,100
"239710",1122,2652,100,100
"239711",1224,2652,100,100
"239712",1326,2652,100,100
"239713",1428,2652,100,100
"239714",1530,2652,100,100
"239715",1632,2652,100,100
"239716",1734,2652,100,100
"239717",1836,2652,100,100
"239718",1938,2652,100,100
"239719",2040,2652,100,100
"239720",2142,2652,100,100
"239725",2244,2652,100,100
"239781",2346,2652,100,100
"239800",2448,2652,100,100
"239816",2550,2652,100,100
"239839",2652,2652,100,100
"239840",2754,0,100,100
"239841",2754,102,100,100
"239935",2754,204,100,100
"239936",2754,306,100,100
"239937",2754,408,100,100
"239938",2754,510,100,100
"239969",2754,612,100,100
"240084",2754,714,100,100
"240322",2754,816,100,100
"240380",2754,918,100,100
"240411",2754,1020,100,100
"240512",2754,1122,100,100
"240570",2754,1224,100,100
"240572",2754,1326,100,100
"240576",2754,1428,100,100
"240577",2754,1530,100,100
"240595",2754,1632,100,100
"240606",2754,1734,100,100
"240641",2754,1836,100,100
"240645",2754,1938,100,100
"240715",2754,2040,100,100
"240716",2754,2142,100,100
"240719",2754,2244,100,100
"240750",2754,2346,100,100
"240981",2754,2448,100,100
"241066",2754,2550,100,100
"241146",2754,2652,100,100
"241253",0,2754,100,100
"241311",102,2754,100,100
"241434",204,2754,100,100
"241459",306,2754,100,100
"241514",408,2754,100,100
"241554",510,2754,100,100
"241636",612,2754,100,100
"241662",714,2754,100,100
"241664",816,2754,100,100
"241669",918,2754,100,100
"241671",1020,2754,100,100
"241688",1122,2754,100,100
"241722",1224,2754,100,100
"241743",1326,2754,100,100
"241750",1428,2754,100,100
"241958",1530,2754,100,100
"241972",1632,2754,100,100
"242044",1734,2754,100,100
"242177",1836,2754,100,100
"242340",1938,2754,100,100
"242779",2040,2754,100,100
"242784",2142,2754,100,100
"242914",2244,2754,100,100
"242915",2346,2754,100,100
"242920",2448,2754,100,100
"242993",2550,2754,100,100
"242994",2652,2754,100,100
"243003",2754,2754,100,100
"243164",2856,0,100,100
"243166",2856,102,100,100
"243167",2856,204,100,100
"243168",2856,306,100,100
"243169",2856,408,100,100
"243170",2856,510,100,100
"243171",2856,612,100,100
"243172",2856,714,100,100
"243196",2856,816,100,100
"243208",2856,918,100,100
"243446",2856,1020,100,100
"243681",2856,1122,100,100
"243842",2856,1224,100,100
"243893",2856,1326,100,100
"243911",2856,1428,100,100
"244133",2856,1530,100,100
"244142",2856,1632,100,100
"244143",2856,1734,100,100
"244147",2856,1836,100,100
"244321",2856,1938,100,100
"244322",2856,2040,100,100
"244323",2856,2142,100,100
"244324",2856,2244,100,100
"244325",2856,2346,100,100
"244326",2856,2448,100,100
"244327",2856,2550,100,100
"244328",2856,2652,100,100
"244329",2856,2754,100,100
"244330",0,2856,100,100
"244331",102,2856,100,100
"244333",204,2856,100,100
"244334",306,2856,100,100
"244335",408,2856,100,100
"244336",510,2856,100,100
"244364",612,2856,100,100
"244448",714,2856,100,100
"244460",816,2856,100,100
"244481",918,2856,100,100
"244493",1020,2856,100,100
"244494",1122,2856,100,100
"244495",1224,2856,100,100
"244496",1326,2856,100,100
"244497",1428,2856,100,100
"244498",1530,2856,100,100
"244499",1632,2856,100,100
"244500",1734,2856,100,100
"244501",1836,2856,100,100
"244502",1938,2856,100,100
"244503",2040,2856,100,100
"244504",2142,2856,100,100
"244505",2244,2856,100,100
"244506",2346,2856,100,100
"244507",2448,2856,100,100
"244508",2550,2856,100,100
"244509",2652,2856,100,100
"244510",2754,2856,100,100
"244511",2856,2856,100,100
"244512",2958,0,100,100
"244513",2958,102,100,100
"244514",2958,204,100,100
"244515",2958,306,100,100
"244516",2958,408,100,100
"244517",2958,510,100,100
"244518",2958,612,100,100
"244519",2958,714,100,100
"244520",2958,816,100,100
"244521",2958,918,100,100
"244522",2958,1020,100,100
"244523",2958,1122,100,100
"244524",2958,1224,100,100
"244525",2958,1326,100,100
"244526",2958,1428,100,100
"244527",2958,1530,100,100
"244528",2958,1632,100,100
"244529",2958,1734,100,100
"244530",2958,1836,100,100
"244531",2958,1938,100,100
"244532",2958,2040,100,100
"244533",2958,2142,100,100
"244534",2958,2244,100,100
"244535",2958,2346,100,100
"244536",2958,2448,100,100
"244537",2958,2550,100,100
"244538",2958,2652,100,100
"244539",2958,2754,100,100
"244540",2958,2856,100,100
"244541",0,2958,100,100
"244542",102,2958,100,100
"244543",204,2958,100,100
"244544",306,2958,100,100
"244545",408,2958,100,100
"244546",510,2958,100,100
"244818",612,2958,100,100
"244891",714,2958,100,100
"244926",816,2958,100,100
"244971",918,2958,100,100
"244972",1020,2958,100,100
"245038",1122,2958,100,100
"245219",1224,2958,100,100
"245704",1326,2958,100,100
"245706",1428,2958,100,100
"245709",1530,2958,100,100
"245741",1632,2958,100,100
"24577",1734,2958,100,100
"24578",1836,2958,100,100
"24579",1938,2958,100,100
"24580",2040,2958,100,100
"24581",2142,2958,100,100
"245867",2244,2958,100,100
"246017",2346,2958,100,100
"246028",2448,2958,100,100
"246029",2550,2958,100,100
"246050",2652,2958,100,100
"246084",2754,2958,100,100
"246278",2856,2958,100,100
"246583",2958,2958,100,100
"247152",3060,0,100,100
"247157",3060,102,100,100
"247291",3060,204,100,100
"247330",3060,306,100,100
"247405",3060,408,100,100
"247471",3060,510,100,100
"247492",3060,612,100,100
"247494",3060,714,100,100
"247495",3060,816,100,100
"247522",3060,918,100,100
"247554",3060,1020,100,100
"247565",3060,1122,100,100
"247574",3060,1224,100,100
"247576",3060,1326,100,100
"247586",3060,1428,100,100
"247587",3060,1530,100,100
"247591",3060,1632,100,100
"247603",3060,1734,100,100
"247604",3060,1836,100,100
"247629",3060,1938,100,100
"247646",3060,2040,100,100
"247659",3060,2142,100,100
"247918",3060,2244,100,100
"247938",3060,2346,100,100
"248116",3060,2448,100,100
"248205",3060,2550,100,100
"248230",3060,2652,100,100
"248420",3060,2754,100,100
"248689",3060,2856,100,100
"248758",3060,2958,100,100
"248770",0,3060,100,100
"248771",102,3060,100,100
"248772",204,3060,100,100
"248775",306,3060,100,100
"248793",408,3060,100,100
"249002",510,3060,100,100
"249176",612,3060,100,100
"249185",714,3060,100,100
"249260",816,3060,100,100
"249261",918,3060,100,100
"249262",1020,3060,100,100
"249263",1122,3060,100,100
"249264",1224,3060,100,100
"249265",1326,3060,100,100
"249266",1428,3060,100,100
"249267",1530,3060,100,100
"249268",1632,3060,100,100
"249292",1734,3060,100,100
"249293",1836,3060,100,100
"249294",1938,3060,100,100
"249295",2040,3060,100,100
"249296",2142,3060,100,100
"249297",2244,3060,100,100
"249298",2346,3060,100,100
"249299",2448,3060,100,100
"249300",2550,3060,100,100
"249301",2652,3060,100,100
"249302",2754,3060,100,100
"249303",2856,3060,100,100
"249304",2958,3060,100,100
"249305",3060,3060,100,100
"249306",3162,0,100,100
"249307",3162,102,100,100
"249308",3162,204,100,100
"249309",3162,306,100,100
"249310",3162,408,100,100
"249311",3162,510,100,100
"249312",3162,612,100,100
"249313",3162,714,100,100
"249316",3162,816,100,100
"249318",3162,918,100,100
"249319",3162,1020,100,100
"249320",3162,1122,100,100
"249321",3162,1224,100,100
"249322",3162,1326,100,100
"249323",3162,1428,100,100
"249324",3162,1530,100,100
"249325",3162,1632,100,100
"249326",3162,1734,100,100
"249327",3162,1836,100,100
"249337",3162,1938,100,100
"249481",3162,2040,100,100
"249551",3162,2142,100,100
"249566",3162,2244,100,100
"249605",3162,2346,100,100
"249632",3162,2448,100,100
"249633",3162,2550,100,100
"249634",3162,2652,100,100
"249635",3162,2754,100,100
"249636",3162,2856,100,100
"249637",3162,2958,100,100
"249638",3162,3060,100,100
"249639",0,3162,100,100
"249641",102,3162,100,100
"249646",204,3162,100,100
"249647",306,3162,100,100
"249702",408,3162,100,100
"249705",510,3162,100,100
"249708",612,3162,100,100
"249729",714,3162,100,100
"249747",816,3162,100,100
"249751",918,3162,100,100
"249977",1020,3162,100,100
"250185",1122,3162,100,100
"250190",1224,3162,100,100
"250191",1326,3162,100,100
"250221",1428,3162,100,100
"250410",1530,3162,100,100
"250435",1632,3162,100,100
"250440",1734,3162,100,100
"250489",1836,3162,100,100
"250490",1938,3162,100,100
"250491",2040,3162,100,100
"250492",2142,3162,100,100
"250493",2244,3162,100,100
"250494",2346,3162,100,100
"250495",2448,3162,100,100
"250496",2550,3162,100,100
"250497",2652,3162,100,100
"250498",2754,3162,100,100
"250499",2856,3162,100,100
"250500",2958,3162,100,100
"250501",3060,3162,100,100
"250502",3162,3162,100,100
"250503",3264,0,100,100
"250504",3264,102,100,100
"250505",3264,204,100,100
"250533",3264,306,100,100
"250567",3264,408,100,100
"250576",3264,510,100,100
"250693",3264,612,100,100
"250810",3264,714,100,100
"250939",3264,816,100,100
"250940",3264,918,100,100
"250941",3264,1020,100,100
"250942",3264,1122,100,100
"250943",3264,1224,100,100
"251176",3264,1326,100,100
"251388",3264,1428,100,100
"251518",3264,1530,100,100
"251519",3264,1632,100,100
"251520",3264,1734,100,100
"251521",3264,1836,100,100
"251522",3264,1938,100,100
"251523",3264,2040,100,100
"251524",3264,2142,100,100
"251525",3264,2244,100,100
"251526",3264,2346,100,100
"251527",3264,2448,100,100
"251528",3264,2550,100,100
"251529",3264,2652,100,100
"251530",3264,2754,100,100
"251531",3264,2856,100,100
"251790",3264,2958,100,100
"251815",3264,3060,100,100
"251816",3264,3162,100,100
"252046",0,3264,100,100
"252077",102,3264,100,100
"252177",204,3264,100,100
"252197",306,3264,100,100
"252205",408,3264,100,100
"252208",510,3264,100,100
"252241",612,3264,100,100
"252270",714,3264,100,100
"252271",816,3264,100,100
"252579",918,3264,100,100
"252580",1020,3264,100,100
"252581",1122,3264,100,100
"252582",1224,3264,100,100
"252711",1326,3264,100,100
"252717",1428,3264,100,100
"252718",1530,3264,100,100
"252744",1632,3264,100,100
"252803",1734,3264,100,100
"252809",1836,3264,100,100
"252812",1938,3264,100,100
"253198",2040,3264,100,100
"253279",2142,3264,100,100
"253341",2244,3264,100,100
"253535",2346,3264,100,100
"253536",2448,3264,100,100
"253607",2550,3264,100,100
"253608",2652,3264,100,100
"253609",2754,3264,100,100
"253610",2856,3264,100,100
"253611",2958,3264,100,100
"253612",3060,3264,100,100
"253613",3162,3264,100,100
"253614",3264,3264,100,100
"253615",3366,0,100,100
"253616",3366,102,100,100
"253617",3366,204,100,100
"253618",3366,306,100,100
"253619",3366,408,100,100
"253620",3366,510,100,100
"253621",3366,612,100,100
"253622",3366,714,100,100
"253623",3366,816,100,100
"253624",3366,918,100,100
"253625",3366,1020,100,100
"253626",3366,1122,100,100
"253627",3366,1224,100,100
"253628",3366,1326,100,100
"253629",3366,1428,100,100
"253630",3366,1530,100,100
"253631",3366,1632,100,100
"253632",3366,1734,100,100
"253633",3366,1836,100,100
"253634",3366,1938,100,100
"253635",3366,2040,100,100
"253636",3366,2142,100,100
"253637",3366,2244,100,100
"253638",3366,2346,100,100
"253639",3366,2448,100,100
"253640",3366,2550,100,100
"253641",3366,2652,100,100
"253642",3366,2754,100,100
"253643",3366,2856,100,100
"253644",3366,2958,100,100
"253645",3366,3060,100,100
"253646",3366,3162,100,100
"253647",3366,3264,100,100
"253648",0,3366,100,100
"253649",102,3366,100,100
"253650",204,3366,100,100
"253651",306,3366,100,100
"253652",408,3366,100,100
"253653",510,3366,100,100
"253654",612,3366,100,100
"253655",714,3366,100,100
"253656",816,3366,100,100
"253657",918,3366,100,100
"253658",1020,3366,100,100
"253659",1122,3366,100,100
"253660",1224,3366,100,100
"253661",1326,3366,100,100
"253662",1428,3366,100,100
"253663",1530,3366,100,100
"253664",1632,3366,100,100
"253665",1734,3366,100,100
"253666",1836,3366,100,100
"253667",1938,3366,100,100
"253668",2040,3366,100,100
"253669",2142,3366,100,100
"253854",2244,3366,100,100
"254106",2346,3366,100,100
"254185",2448,3366,100,100
"254186",2550,3366,100,100
"254232",2652,3366,100,100
"254233",2754,3366,100,100
"254259",2856,3366,100,100
"254369",2958,3366,100,100
"254371",3060,3366,100,100
"254404",3162,3366,100,100
"254465",3264,3366,100,100
"254618",3366,3366,100,100
"254628",3468,0,100,100
"254629",3468,102,100,100
"254902",3468,204,100,100
"254982",3468,306,100,100
"254983",3468,408,100,100
"255197",3468,510,100,100
"255446",3468,612,100,100
"255601",3468,714,100,100
"255751",3468,816,100,100
"255766",3468,918,100,100
"255817",3468,1020,100,100
"255820",3468,1122,100,100
"255895",3468,1224,100,100
"255913",3468,1326,100,100
"255945",3468,1428,100,100
"255967",3468,1530,100,100
"256007",3468,1632,100,100
"256139",3468,1734,100,100
"256306",3468,1836,100,100
"256452",3468,1938,100,100
"256467",3468,2040,100,100
"256825",3468,2142,100,100
"256902",3468,2244,100,100
"256934",3468,2346,100,100
"257150",3468,2448,100,100
"257222",3468,2550,100,100
"257261",3468,2652,100,100
"257491",3468,2754,100,100
"257494",3468,2856,100,100
"257896",3468,2958,100,100
"258201",3468,3060,100,100
"258263",3468,3162,100,100
"258430",3468,3264,100,100
"258469",3468,3366,100,100
"258574",0,3468,100,100
"258623",102,3468,100,100
"258624",204,3468,100,100
"258627",306,3468,100,100
"258640",408,3468,100,100
"258641",510,3468,100,100
"258642",612,3468,100,100
"258643",714,3468,100,100
"258644",816,3468,100,100
"258645",918,3468,100,100
"258646",1020,3468,100,100
"258671",1122,3468,100,100
"258827",1224,3468,100,100
"258925",1326,3468,100,100
"258955",1428,3468,100,100
"258981",1530,3468,100,100
"259001",1632,3468,100,100
"259084",1734,3468,100,100
"259085",1836,3468,100,100
"259086",1938,3468,100,100
"259134",2040,3468,100,100
"259270",2142,3468,100,100
"259272",2244,3468,100,100
"259273",2346,3468,100,100
"259274",2448,3468,100,100
"259275",2550,3468,100,100
"259316",2652,3468,100,100
"259329",2754,3468,100,100
"259348",2856,3468,100,100
"259369",2958,3468,100,100
"259465",3060,3468,100,100
"259592",3162,3468,100,100
"259613",3264,3468,100,100
"259633",3366,3468,100,100
"259671",3468,3468,100,100
"259680",3570,0,100,100
"259699",3570,102,100,100
"259798",3570,204,100,100
"259801",3570,306,100,100
"259879",3570,408,100,100
"260081",3570,510,100,100
"260082",3570,612,100,100
"260083",3570,714,100,100
"260084",3570,816,100,100
"260085",3570,918,100,100
"260086",3570,1020,100,100
"260328",3570,1122,100,100
"260364",3570,1224,100,100
"260534",3570,1326,100,100
"260601",3570,1428,100,100
"260606",3570,1530,100,100
"260889",3570,1632,100,100
"260891",3570,1734,100,100
"261039",3570,1836,100,100
"261060",3570,1938,100,100
"261072",3570,2040,100,100
"261164",3570,2142,100,100
"261168",3570,2244,100,100
"261180",3570,2346,100,100
"261181",3570,2448,100,100
"261230",3570,2550,100,100
"261254",3570,2652,100,100
"261305",3570,2754,100,100
"261320",3570,2856,100,100
"261426",3570,2958,100,100
"261428",3570,3060,100,100
"261484",3570,3162,100,100
"261661",3570,3264,100,100
"261721",3570,3366,100,100
"261739",3570,3468,100,100
"261779",0,3570,100,100
"261855",102,3570,100,100
"261887",204,3570,100,100
"261888",306,3570,100,100
"261892",408,3570,100,100
"261893",510,3570,100,100
"261985",612,3570,100,100
"262181",714,3570,100,100
"262506",816,3570,100,100
"262695",918,3570,100,100
"262711",1020,3570,100,100
"262849",1122,3570,100,100
"262883",1224,3570,100,100
"262887",1326,3570,100,100
"262890",1428,3570,100,100
"262992",1530,3570,100,100
"263032",1632,3570,100,100
"263072",1734,3570,100,100
"263321",1836,3570,100,100
"263322",1938,3570,100,100
"263323",2040,3570,100,100
"263324",2142,3570,100,100
"263325",2244,3570,100,100
"263366",2346,3570,100,100
"263575",2448,3570,100,100
"263606",2550,3570,100,100
"263611",2652,3570,100,100
"263649",2754,3570,100,100
"263658",2856,3570,100,100
"263746",2958,3570,100,100
"263747",3060,3570,100,100
"263763",3162,3570,100,100
"263765",3264,3570,100,100
"263777",3366,3570,100,100
"263783",3468,3570,100,100
"263839",3570,3570,100,100
"263846",3672,0,100,100
"263923",3672,102,100,100
"264038",3672,204,100,100
"264173",3672,306,100,100
"264286",3672,408,100,100
"264295",3672,510,100,100
"264338",3672,612,100,100
"264403",3672,714,100,100
"264430",3672,816,100,100
"264493",3672,918,100,100
"264494",3672,1020,100,100
"264495",3672,1122,100,100
"264496",3672,1224,100,100
"264497",3672,1326,100,100
"264583",3672,1428,100,100
"264669",3672,1530,100,100
"264890",3672,1632,100,100
"264945",3672,1734,100,100
"265055",3672,1836,100,100
"265108",3672,1938,100,100
"265461",3672,2040,100,100
"265554",3672,2142,100,100
"265565",3672,2244,100,100
"265726",3672,2346,100,100
"265762",3672,2448,100,100
"265764",3672,2550,100,100
"265787",3672,2652,100,100
"265790",3672,2754,100,100
"265820",3672,2856,100,100
"265821",3672,2958,100,100
"265822",3672,3060,100,100
"265826",3672,3162,100,100
"265857",3672,3264,100,100
"265865",3672,3366,100,100
"265866",3672,3468,100,100
"265872",3672,3570,100,100
"265873",0,3672,100,100
"265902",102,3672,100,100
"266000",204,3672,100,100
"266322",306,3672,100,100
"266370",408,3672,100,100
"266379",510,3672,100,100
"266613",612,3672,100,100
"266614",714,3672,100,100
"266615",816,3672,100,100
"266616",918,3672,100,100
"266617",1020,3672,100,100
"266618",1122,3672,100,100
"266670",1224,3672,100,100
"266742",1326,3672,100,100
"266746",1428,3672,100,100
"266777",1530,3672,100,100
"266784",1632,3672,100,100
"266904",1734,3672,100,100
"267331",1836,3672,100,100
"267348",1938,3672,100,100
"267654",2040,3672,100,100
"268513",2142,3672,100,100
"269027",2244,3672,100,100
"269303",2346,3672,100,100
"269368",2448,3672,100,100
"269402",2550,3672,100,100
"269714",2652,3672,100,100
"269715",2754,3672,100,100
"269716",2856,3672,100,100
"269717",2958,3672,100,100
"269778",3060,3672,100,100
"269830",3162,3672,100,100
"269831",3264,3672,100,100
"269854",3366,3672,100,100
"269855",3468,3672,100,100
"269856",3570,3672,100,100
"269961",3672,3672,100,100
"270047",3774,0,100,100
"270048",3774,102,100,100
"270075",3774,204,100,100
"270180",3774,306,100,100
"270217",3774,408,100,100
"270231",3774,510,100,100
"270236",3774,612,100,100
"270237",3774,714,100,100
"270238",3774,816,100,100
"270239",3774,918,100,100
"270240",3774,1020,100,100
"270241",3774,1122,100,100
"270242",3774,1224,100,100
"270243",3774,1326,100,100
"270244",3774,1428,100,100
"270245",3774,1530,100,100
"270246",3774,1632,100,100
"270247",3774,1734,100,100
"270248",3774,1836,100,100
"270249",3774,1938,100,100
"270250",3774,2040,100,100
"270251",3774,2142,100,100
"270252",3774,2244,100,100
"270253",3774,2346,100,100
"270254",3774,2448,100,100
"270255",3774,2550,100,100
"270256",3774,2652,100,100
"270257",3774,2754,100,100
"270258",3774,2856,100,100
"270259",3774,2958,100,100
"270260",3774,3060,100,100
"270261",3774,3162,100,100
"270264",3774,3264,100,100
"270270",3774,3366,100,100
"270327",3774,3468,100,100
"270357",3774,3570,100,100
"270359",3774,3672,100,100
"270487",0,3774,100,100
"270879",102,3774,100,100
"271057",204,3774,100,100
"271121",306,3774,100,100
"271167",408,3774,100,100
"271168",510,3774,100,100
"271169",612,3774,100,100
"271170",714,3774,100,100
"271193",816,3774,100,100
"271203",918,3774,100,100
"271277",1020,3774,100,100
"271278",1122,3774,100,100
"271369",1224,3774,100,100
"271374",1326,3774,100,100
"271409",1428,3774,100,100
"271440",1530,3774,100,100
"271447",1632,3774,100,100
"271457",1734,3774,100,100
"271506",1836,3774,100,100
"271507",1938,3774,100,100
"271508",2040,3774,100,100
"271509",2142,3774,100,100
"271510",2244,3774,100,100
"271511",2346,3774,100,100
"271512",2448,3774,100,100
"271513",2550,3774,100,100
"271514",2652,3774,100,100
"271515",2754,3774,100,100
"271516",2856,3774,100,100
"271517",2958,3774,100,100
"271518",3060,3774,100,100
"271519",3162,3774,100,100
"271551",3264,3774,100,100
"271564",3366,3774,100,100
"271565",3468,3774,100,100
"271566",3570,3774,100,100
"271567",3672,3774,100,100
"271568",3774,3774,100,100
"271569",3876,0,100,100
"271570",3876,102,100,100
"271700",3876,204,100,100
"271732",3876,306,100,100
"271733",3876,408,100,100
"271734",3876,510,100,100
"271735",3876,612,100,100
"271782",3876,714,100,100
"271914",3876,816,100,100
"271936",3876,918,100,100
"272012",3876,1020,100,100
"272069",3876,1122,100,100
"272191",3876,1224,100,100
"272257",3876,1326,100,100
"272258",3876,1428,100,100
"272259",3876,1530,100,100
"272260",3876,1632,100,100
"272282",3876,1734,100,100
"272283",3876,1836,100,100
"272284",3876,1938,100,100
"272480",3876,2040,100,100
"272481",3876,2142,100,100
"273012",3876,2244,100,100
"273093",3876,2346,100,100
"273442",3876,2448,100,100
"273443",3876,2550,100,100
"273502",3876,2652,100,100
"273509",3876,2754,100,100
"273520",3876,2856,100,100
"273548",3876,2958,100,100
"273656",3876,3060,100,100
"273657",3876,3162,100,100
"273658",3876,3264,100,100
"273714",3876,3366,100,100
"273715",3876,3468,100,100
"273716",3876,3570,100,100
"273717",3876,3672,100,100
"273718",3876,3774,100,100
"273719",0,3876,100,100
"273720",102,3876,100,100
"273721",204,3876,100,100
"273722",306,3876,100,100
"273723",408,3876,100,100
"273724",510,3876,100,100
"273725",612,3876,100,100
"273726",714,3876,100,100
"273727",816,3876,100,100
"273732",918,3876,100,100
"273733",1020,3876,100,100
"273734",1122,3876,100,100
"273735",1224,3876,100,100
"273736",1326,3876,100,100
"273737",1428,3876,100,100
"273738",1530,3876,100,100
"273739",1632,3876,100,100
"273740",1734,3876,100,100
"273741",1836,3876,100,100
"273742",1938,3876,100,100
"273743",2040,3876,100,100
"273744",2142,3876,100,100
"273745",2244,3876,100,100
"273746",2346,3876,100,100
"273747",2448,3876,100,100
"273777",2550,3876,100,100
"274237",2652,3876,100,100
"274503",2754,3876,100,100
"274504",2856,3876,100,100
"274505",2958,3876,100,100
"274506",3060,3876,100,100
"274507",3162,3876,100,100
"274508",3264,3876,100,100
"274509",3366,3876,100,100
"274510",3468,3876,100,100
"274511",3570,3876,100,100
"274512",3672,3876,100,100
"274513",3774,3876,100,100
"274514",3876,3876,100,100
"274515",3978,0,100,100
"274516",3978,102,100,100
"274517",3978,204,100,100
"274518",3978,306,100,100
"274519",3978,408,100,100
"275606",3978,510,100,100
"276177",3978,612,100,100
"276583",3978,714,100,100
"276973",3978,816,100,100
"277361",3978,918,100,100
"277418",3978,1020,100,100
"278676",3978,1122,100,100
"278824",3978,1224,100,100
"278909",3978,1326,100,100
"279390",3978,1428,100,100
"279400",3978,1530,100,100
"281239",3978,1632,100,100
"28158",3978,1734,100,100
"282714",3978,1836,100,100
"282715",3978,1938,100,100
"282716",3978,2040,100,100
"282717",3978,2142,100,100
"283440",3978,2244,100,100
"284899",3978,2346,100,100
"286162",3978,2448,100,100
"286257",3978,2550,100,100
"286261",3978,2652,100,100
"286568",3978,2754,100,100
"286569",3978,2856,100,100
"286580",3978,2958,100,100
"286592",3978,3060,100,100
"286596",3978,3162,100,100
"286652",3978,3264,100,100
"287208",3978,3366,100,100
"287725",3978,3468,100,100
"289652",3978,3570,100,100
"289922",3978,3672,100,100
"289923",3978,3774,100,100
"289924",3978,3876,100,100
"289925",0,3978,100,100
"289926",102,3978,100,100
"290617",204,3978,100,100
"291160",306,3978,100,100
"292039",408,3978,100,100
"292175",510,3978,100,100
"292345",612,3978,100,100
"292347",714,3978,100,100
"292940",816,3978,100,100
"293578",918,3978,100,100
"293599",1020,3978,100,100
"294214",1122,3978,100,100
"294215",1224,3978,100,100
"294216",1326,3978,100,100
"294282",1428,3978,100,100
"294852",1530,3978,100,100
"294895",1632,3978,100,100
"296577",1734,3978,100,100
"297328",1836,3978,100,100
"298716",1938,3978,100,100
"298789",2040,3978,100,100
"300702",2142,3978,100,100
"300703",2244,3978,100,100
"301851",2346,3978,100,100
"302743",2448,3978,100,100
"302797",2550,3978,100,100
"302811",2652,3978,100,100
"303879",2754,3978,100,100
"304105",2856,3978,100,100
"306615",2958,3978,100,100
"306957",3060,3978,100,100
"307698",3162,3978,100,100
"307982",3264,3978,100,100
"308494",3366,3978,100,100
"310063",3468,3978,100,100
"311538",3570,3978,100,100
"311816",3672,3978,100,100
"312083",3774,3978,100,100
"315547",3876,3978,100,100
"315550",3978,3978,100,100
"315551",4080,0,100,100
"315552",4080,102,100,100
"315553",4080,204,100,100
"315944",4080,306,100,100
"318106",4080,408,100,100
"318107",4080,510,100,100
"318108",4080,612,100,100
"318109",4080,714,100,100
"318110",4080,816,100,100
"318111",4080,918,100,100
"318112",4080,1020,100,100
"318113",4080,1122,100,100
"318114",4080,1224,100,100
"318115",4080,1326,100,100
"318116",4080,1428,100,100
"318117",4080,1530,100,100
"318118",4080,1632,100,100
"318119",4080,1734,100,100
"318120",4080,1836,100,100
"318121",4080,1938,100,100
"318122",4080,2040,100,100
"318123",4080,2142,100,100
"318124",4080,2244,100,100
"318125",4080,2346,100,100
"318126",4080,2448,100,100
"318127",4080,2550,100,100
"318128",4080,2652,100,100
"318129",4080,2754,100,100
"318130",4080,2856,100,100
"318131",4080,2958,100,100
"318132",4080,3060,100,100
"318133",4080,3162,100,100
"318134",4080,3264,100,100
"318135",4080,3366,100,100
"318136",4080,3468,100,100
"318137",4080,3570,100,100
"318138",4080,3672,100,100
"318139",4080,3774,100,100
"318140",4080,3876,100,100
"318141",4080,3978,100,100
"318142",0,4080,100,100
"318143",102,4080,100,100
"318144",204,4080,100,100
"318145",306,4080,100,100
"318146",408,4080,100,100
"318147",510,4080,100,100
"318148",612,4080,100,100
"318149",714,4080,100,100
"318150",816,4080,100,100
"318151",918,4080,100,100
"318152",1020,4080,100,100
"318153",1122,4080,100,100
"318154",1224,4080,100,100
"318155",1326,4080,100,100
"318156",1428,4080,100,100
"318157",1530,4080,100,100
"318158",1632,4080,100,100
"318159",1734,4080,100,100
"318160",1836,4080,100,100
"318161",1938,4080,100,100
"318162",2040,4080,100,100
"318163",2142,4080,100,100
"318164",2244,4080,100,100
"318165",2346,4080,100,100
"318166",2448,4080,100,100
"318167",2550,4080,100,100
"318168",2652,4080,100,100
"318169",2754,4080,100,100
"318170",2856,4080,100,100
"318171",2958,4080,100,100
"318172",3060,4080,100,100
"318173",3162,4080,100,100
"318174",3264,4080,100,100
"318175",3366,4080,100,100
"318176",3468,4080,100,100
"318177",3570,4080,100,100
"318178",3672,4080,100,100
"318179",3774,4080,100,100
"318180",3876,4080,100,100
"318181",3978,4080,100,100
"318182",4080,4080,100,100
"318183",4182,0,100,100
"318184",4182,102,100,100
"318185",4182,204,100,100
"318186",4182,306,100,100
"318187",4182,408,100,100
"318188",4182,510,100,100
"318189",4182,612,100,100
"318190",4182,714,100,100
"318191",4182,816,100,100
"318192",4182,918,100,100
"318193",4182,1020,100,100
"318194",4182,1122,100,100
"318195",4182,1224,100,100
"318196",4182,1326,100,100
"318197",4182,1428,100,100
"318198",4182,1530,100,100
"318199",4182,1632,100,100
"318200",4182,1734,100,100
"318201",4182,1836,100,100
"318202",4182,1938,100,100
"318203",4182,2040,100,100
"318204",4182,2142,100,100
"318205",4182,2244,100,100
"318206",4182,2346,100,100
"318725",4182,2448,100,100
"319820",4182,2550,100,100
"32020",4182,2652,100,100
"35505",4182,2754,100,100
"35506",4182,2856,100,100
"3688",4182,2958,100,100
"3689",4182,3060,100,100
"40243",4182,3162,100,100
"41290",4182,3264,100,100
"4285",4182,3366,100,100
"43254",4182,3468,100,100
"43255",4182,3570,100,100
"44785",4182,3672,100,100
"48085",4182,3774,100,100
"5359",4182,3876,100,100
"60391",4182,3978,100,100
"62537",4182,4080,100,100
"64739",0,4182,100,100
"65655",102,4182,100,100
"66896",204,4182,100,100
"74412",306,4182,100,100
"74547",408,4182,100,100
"74572",510,4182,100,100
"74576",612,4182,100,100
"74931",714,4182,100,100
"74932",816,4182,100,100
"75462",918,4182,100,100
"75474",1020,4182,100,100
"75482",1122,4182,100,100
"75484",1224,4182,100,100
"75666",1326,4182,100,100
"75671",1428,4182,100,100
"75672",1530,4182,100,100
"75673",1632,4182,100,100
"75674",1734,4182,100,100
"75675",1836,4182,100,100
"75676",1938,4182,100,100
"75738",2040,4182,100,100
"75924",2142,4182,100,100
"76756",2244,4182,100,100
"76897",2346,4182,100,100
"76957",2448,4182,100,100
"78431",2550,4182,100,100
"78960",2652,4182,100,100
"79895",2754,4182,100,100
"79896",2856,4182,100,100
"80750",2958,4182,100,100
"81139",3060,4182,100,100
"81845",3162,4182,100,100
"83398",3264,4182,100,100
"83399",3366,4182,100,100
"83400",3468,4182,100,100
"83401",3570,4182,100,100
"83402",3672,4182,100,100
"83403",3774,4182,100,100
"83421",3876,4182,100,100
"8362",3978,4182,100,100
"84705",4080,4182,100,100
"85869",4182,4182,100,100
"85870",4284,0,100,100
"85871",4284,102,100,100
"85872",4284,204,100,100
"85873",4284,306,100,100
"85874",4284,408,100,100
"85875",4284,510,100,100
"85876",4284,612,100,100
"85877",4284,714,100,100
"85878",4284,816,100,100
"85879",4284,918,100,100
"85880",4284,1020,100,100
"85881",4284,1122,100,100
"87056",4284,1224,100,100
"87057",4284,1326,100,100
"87058",4284,1428,100,100
"98690",4284,1530,100,100
"98795",4284,1632,100,100
"999999999001",4284,1734,100,100
"999999999002",4284,1836,100,100
"999999999003",4284,1938,100,100
"999999999004",4284,2040,100,100
"999999999005",4284,2142,100,100
"999999999006",4284,2244,100,100
"999999999007",4284,2346,100,100
"999999999008",4284,2448,100,100
"999999999009",4284,2550,100,100
"999999999010",4284,2652,100,100
"999999999011",4284,2754,100,100
"999999999012",4284,2856,100,100
"999999999013",4284,2958,100,100
"999999999014",4284,3060,100,100
"999999999015",4284,3162,100,100
"999999999016",4284,3264,100,100
"999999999017",4284,3366,100,100
"999999999018",4284,3468,100,100
"999999999019",4284,3570,100,100
"999999999020",4284,3672,100,100
"999999999021",4284,3774,100,100
"999999999022",4284,3876,100,100
"999999999023",4284,3978,100,100
"999999999024",4284,4080,100,100
"999999999025",4284,4182,100,100
"999999999026",0,4284,100,100
"999999999027",102,4284,100,100
"missing",204,4284,100,100